{
  "patchsetVersion": 1,
  "createdAt": "2026-01-03T18:04:49.332Z",
  "target": {
    "manifest_version": 3,
    "version": "1.13.0",
    "name": "Cookie-Editor"
  },
  "fingerprints": {
    "_metadata/verified_contents.json": "98732326b1a295b72a0fd6b487dcb78338689005a6309c7c0187d80ee4c0b076",
    "cookie-editor.js": "c479bbce44477b1f4e9ff881079cbf4e51660632cec989e9a21051c0e79671ac",
    "interface/options/options.html": "78bc23539fd52aa6a9dd6af800325e2752cec488e3324bfb74846245f70a16d9",
    "interface/options/options.js": "cac424c30dc600a0613094182c0494aa36c00872dbb0bc1ead3d4c0e3a3660ac",
    "manifest.json": "d5fc955ed3327ce57293d4582724d4894b93e7a04246d59fde3ba95dfd69a44b"
  },
  "ops": [
    {
      "type": "delete",
      "path": "_metadata/verified_contents.json"
    },
    {
      "type": "add",
      "path": "AGENTS.md",
      "payloadPath": "payload/be933eeb7f92c183818ce43f752f04957cc02f08b52efb8c2de294b8cee16574",
      "sha256": "be933eeb7f92c183818ce43f752f04957cc02f08b52efb8c2de294b8cee16574"
    },
    {
      "type": "replace",
      "path": "cookie-editor.js",
      "payloadPath": "payload/aaea69968829c04afd42bd8305757e3d7cf94db4a16d4ec483becc392064b94d",
      "fromSha256": "c479bbce44477b1f4e9ff881079cbf4e51660632cec989e9a21051c0e79671ac",
      "toSha256": "aaea69968829c04afd42bd8305757e3d7cf94db4a16d4ec483becc392064b94d"
    },
    {
      "type": "replace",
      "path": "interface/options/options.html",
      "payloadPath": "payload/5f326979f071c314de1d26baf20cf3b7451a7514fbe70913d57d5e083117b2c4",
      "fromSha256": "78bc23539fd52aa6a9dd6af800325e2752cec488e3324bfb74846245f70a16d9",
      "toSha256": "5f326979f071c314de1d26baf20cf3b7451a7514fbe70913d57d5e083117b2c4"
    },
    {
      "type": "replace",
      "path": "interface/options/options.js",
      "payloadPath": "payload/be70c1d4a1cb17b7eacf48db3ba2a842ba53e52b97421c22446819de886f98b7",
      "fromSha256": "cac424c30dc600a0613094182c0494aa36c00872dbb0bc1ead3d4c0e3a3660ac",
      "toSha256": "be70c1d4a1cb17b7eacf48db3ba2a842ba53e52b97421c22446819de886f98b7"
    },
    {
      "type": "replace",
      "path": "manifest.json",
      "payloadPath": "payload/f184877803e89497c8a294e8ed676e120298bda892576cd3a5ec23941ed30788",
      "fromSha256": "d5fc955ed3327ce57293d4582724d4894b93e7a04246d59fde3ba95dfd69a44b",
      "toSha256": "f184877803e89497c8a294e8ed676e120298bda892576cd3a5ec23941ed30788"
    }
  ]
}
